prob_id	ai_name	cost	valid	javalid	nbt_path
FA001	hasi11	23523988	1	None	../../../../../../home/ubuntu/icfpc2018/out/hasi11/FA001.nbt.gz
FA002	hasi11	9083444	1	None	../../../../../../home/ubuntu/icfpc2018/out/hasi11/FA002.nbt.gz
FA003	shioshiota19	7880100	1	0	../../../../../../home/ubuntu/icfpc2018/out/shioshiota19/FA003.nbt.gz
FA004	hasi11	26121904	1	None	../../../../../../home/ubuntu/icfpc2018/out/hasi11/FA004.nbt.gz
FA005	shioshiota19	35109222	1	0	../../../../../../home/ubuntu/icfpc2018/out/shioshiota19/FA005.nbt.gz
FA006	hasi11	32706712	1	None	../../../../../../home/ubuntu/icfpc2018/out/hasi11/FA006.nbt.gz
FA007	hasi11	82114016	1	None	../../../../../../home/ubuntu/icfpc2018/out/hasi11/FA007.nbt.gz
FA008	hasi11	84511052	1	None	../../../../../../home/ubuntu/icfpc2018/out/hasi11/FA008.nbt.gz
FA009	shioshiota19	14963298	1	0	../../../../../../home/ubuntu/icfpc2018/out/shioshiota19/FA009.nbt.gz
FA010	shioshiota19	17132552	1	0	../../../../../../home/ubuntu/icfpc2018/out/shioshiota19/FA010.nbt.gz
FA011	hasi11	12880652	1	None	../../../../../../home/ubuntu/icfpc2018/out/hasi11/FA011.nbt.gz
FA012	hasi11	26218532	1	None	../../../../../../home/ubuntu/icfpc2018/out/hasi11/FA012.nbt.gz
FA013	hasi11	24632640	1	None	../../../../../../home/ubuntu/icfpc2018/out/hasi11/FA013.nbt.gz
FA014	hasi11	26411328	1	None	../../../../../../home/ubuntu/icfpc2018/out/hasi11/FA014.nbt.gz
FA015	hasi11	20546820	1	None	../../../../../../home/ubuntu/icfpc2018/out/hasi11/FA015.nbt.gz
FA016	hasi11	30688708	1	None	../../../../../../home/ubuntu/icfpc2018/out/hasi11/FA016.nbt.gz
FA017	hasi11	26795044	1	None	../../../../../../home/ubuntu/icfpc2018/out/hasi11/FA017.nbt.gz
FA018	hasi11	27565104	1	None	../../../../../../home/ubuntu/icfpc2018/out/hasi11/FA018.nbt.gz
FA019	johniel5	33587962	1	None	../../../../../../home/ubuntu/icfpc2018/out/johniel5/FA019.nbt.gz
FA020	hasi21	927754676	1	0	../../../../../../home/ubuntu/icfpc2018/out/hasi21/FA020.nbt.gz
FA021	johniel5	1813053638	1	None	../../../../../../home/ubuntu/icfpc2018/out/johniel5/FA021.nbt.gz
FA022	hasi21	1453672152	1	0	../../../../../../home/ubuntu/icfpc2018/out/hasi21/FA022.nbt.gz
FA023	shioshiota19	505578470	1	0	../../../../../../home/ubuntu/icfpc2018/out/shioshiota19/FA023.nbt.gz
FA024	shioshiota19	847278136	1	0	../../../../../../home/ubuntu/icfpc2018/out/shioshiota19/FA024.nbt.gz
FA025	shioshiota19	1025107190	1	0	../../../../../../home/ubuntu/icfpc2018/out/shioshiota19/FA025.nbt.gz
FA026	shioshiota19	1207064752	1	0	../../../../../../home/ubuntu/icfpc2018/out/shioshiota19/FA026.nbt.gz
FA027	shioshiota19	7914074	1	7914074	../../../../../../home/ubuntu/icfpc2018/out/shioshiota19/FA027.nbt.gz
FA028	hasi21	295201320	1	0	../../../../../../home/ubuntu/icfpc2018/out/hasi21/FA028.nbt.gz
FA029	shioshiota19	11936634	1	11936634	../../../../../../home/ubuntu/icfpc2018/out/shioshiota19/FA029.nbt.gz
FA030	shioshiota19	547425730	1	547425730	../../../../../../home/ubuntu/icfpc2018/out/shioshiota19/FA030.nbt.gz
FA031	johniel5	39985544	1	None	../../../../../../home/ubuntu/icfpc2018/out/johniel5/FA031.nbt.gz
FA032	hasi21	568448248	1	0	../../../../../../home/ubuntu/icfpc2018/out/hasi21/FA032.nbt.gz
FA033	hasi21	730635796	1	0	../../../../../../home/ubuntu/icfpc2018/out/hasi21/FA033.nbt.gz
FA034	hasi21	463243932	1	0	../../../../../../home/ubuntu/icfpc2018/out/hasi21/FA034.nbt.gz
FA035	hasi21	1251403112	1	0	../../../../../../home/ubuntu/icfpc2018/out/hasi21/FA035.nbt.gz
FA036	hasi21	551156572	1	0	../../../../../../home/ubuntu/icfpc2018/out/hasi21/FA036.nbt.gz
FA037	shioshiota14	373388912	1	None	../../../../../../home/ubuntu/icfpc2018/out/shioshiota14/FA037.nbt.gz
FA038	hasi21	1071277128	1	0	../../../../../../home/ubuntu/icfpc2018/out/hasi21/FA038.nbt.gz
FA039	hasi21	807043848	1	0	../../../../../../home/ubuntu/icfpc2018/out/hasi21/FA039.nbt.gz
FA040	hasi21	1424427620	1	0	../../../../../../home/ubuntu/icfpc2018/out/hasi21/FA040.nbt.gz
FA041	hasi21	2037882120	1	0	../../../../../../home/ubuntu/icfpc2018/out/hasi21/FA041.nbt.gz
FA042	hasi21	5926756708	1	0	../../../../../../home/ubuntu/icfpc2018/out/hasi21/FA042.nbt.gz
FA043	hasi21	2660935928	1	0	../../../../../../home/ubuntu/icfpc2018/out/hasi21/FA043.nbt.gz
FA044	hasi21	9213503484	1	0	../../../../../../home/ubuntu/icfpc2018/out/hasi21/FA044.nbt.gz
FA045	hasi21	5504709124	1	0	../../../../../../home/ubuntu/icfpc2018/out/hasi21/FA045.nbt.gz
FA046	hasi21	7561704488	1	0	../../../../../../home/ubuntu/icfpc2018/out/hasi21/FA046.nbt.gz
FA047	shioshiota19	3037449226	1	0	../../../../../../home/ubuntu/icfpc2018/out/shioshiota19/FA047.nbt.gz
FA048	hasi22	894662612	1	None	../../../../../../home/ubuntu/icfpc2018/out/hasi22/FA048.nbt.gz
FA049	shioshiota19	20761347782	1	0	../../../../../../home/ubuntu/icfpc2018/out/shioshiota19/FA049.nbt.gz
FA050	shioshiota19	2962927682	1	0	../../../../../../home/ubuntu/icfpc2018/out/shioshiota19/FA050.nbt.gz
FA051	hasi21	1478048680	1	0	../../../../../../home/ubuntu/icfpc2018/out/hasi21/FA051.nbt.gz
FA052	hasi21	4436434636	1	0	../../../../../../home/ubuntu/icfpc2018/out/hasi21/FA052.nbt.gz
FA053	hasi21	5009455872	1	0	../../../../../../home/ubuntu/icfpc2018/out/hasi21/FA053.nbt.gz
FA054	shioshiota19	48216850	1	0	../../../../../../home/ubuntu/icfpc2018/out/shioshiota19/FA054.nbt.gz
FA055	hasi21	3970253456	1	0	../../../../../../home/ubuntu/icfpc2018/out/hasi21/FA055.nbt.gz
FA056	hasi21	2001523704	1	0	../../../../../../home/ubuntu/icfpc2018/out/hasi21/FA056.nbt.gz
FA057	hasi21	9996004296	1	0	../../../../../../home/ubuntu/icfpc2018/out/hasi21/FA057.nbt.gz
FA058	hasi21	13028488028	1	0	../../../../../../home/ubuntu/icfpc2018/out/hasi21/FA058.nbt.gz
FA059	hasi21	14979835240	1	0	../../../../../../home/ubuntu/icfpc2018/out/hasi21/FA059.nbt.gz
FA060	hasi21	19063569244	1	0	../../../../../../home/ubuntu/icfpc2018/out/hasi21/FA060.nbt.gz
FA061	hasi22	16361078728	1	None	../../../../../../home/ubuntu/icfpc2018/out/hasi22/FA061.nbt.gz
FA062	shioshiota19	83214906642	1	0	../../../../../../home/ubuntu/icfpc2018/out/shioshiota19/FA062.nbt.gz
FA063	hasi21	26867885772	1	0	../../../../../../home/ubuntu/icfpc2018/out/hasi21/FA063.nbt.gz
FA064	shioshiota19	75600159482	1	0	../../../../../../home/ubuntu/icfpc2018/out/shioshiota19/FA064.nbt.gz
FA065	hasi21	103284628416	1	0	../../../../../../home/ubuntu/icfpc2018/out/hasi21/FA065.nbt.gz
FA066	shioshiota19	105779160370	1	0	../../../../../../home/ubuntu/icfpc2018/out/shioshiota19/FA066.nbt.gz
FA067	hasi21	31873967792	1	0	../../../../../../home/ubuntu/icfpc2018/out/hasi21/FA067.nbt.gz
FA068	shioshiota19	71519164250	1	0	../../../../../../home/ubuntu/icfpc2018/out/shioshiota19/FA068.nbt.gz
FA069	hasi21	40109716588	1	0	../../../../../../home/ubuntu/icfpc2018/out/hasi21/FA069.nbt.gz
FA070	shioshiota19	9104204870	1	9104204870	../../../../../../home/ubuntu/icfpc2018/out/shioshiota19/FA070.nbt.gz
FA071	shioshiota19	57984031440	1	0	../../../../../../home/ubuntu/icfpc2018/out/shioshiota19/FA071.nbt.gz
FA072	hasi21	16248688932	1	0	../../../../../../home/ubuntu/icfpc2018/out/hasi21/FA072.nbt.gz
FA073	shioshiota19	15747786242	1	0	../../../../../../home/ubuntu/icfpc2018/out/shioshiota19/FA073.nbt.gz
FA074	hasi21	71161242024	1	0	../../../../../../home/ubuntu/icfpc2018/out/hasi21/FA074.nbt.gz
FA075	hasi21	72117158772	1	0	../../../../../../home/ubuntu/icfpc2018/out/hasi21/FA075.nbt.gz
FA076	shioshiota19	9661707202	1	0	../../../../../../home/ubuntu/icfpc2018/out/shioshiota19/FA076.nbt.gz
FA077	shioshiota19	14534475056	1	0	../../../../../../home/ubuntu/icfpc2018/out/shioshiota19/FA077.nbt.gz
FA078	shioshiota19	114890626108	1	0	../../../../../../home/ubuntu/icfpc2018/out/shioshiota19/FA078.nbt.gz
FA079	shioshiota19	139222510546	1	0	../../../../../../home/ubuntu/icfpc2018/out/shioshiota19/FA079.nbt.gz
FA080	shioshiota19	116091203042	1	0	../../../../../../home/ubuntu/icfpc2018/out/shioshiota19/FA080.nbt.gz
FA081	shioshiota19	210701793696	1	0	../../../../../../home/ubuntu/icfpc2018/out/shioshiota19/FA081.nbt.gz
FA082	hasi21	167895240628	1	0	../../../../../../home/ubuntu/icfpc2018/out/hasi21/FA082.nbt.gz
FA083	hasi21	76617840480	1	0	../../../../../../home/ubuntu/icfpc2018/out/hasi21/FA083.nbt.gz
FA084	shioshiota19	19971971982	1	0	../../../../../../home/ubuntu/icfpc2018/out/shioshiota19/FA084.nbt.gz
FA085	shioshiota19	40197702922	1	0	../../../../../../home/ubuntu/icfpc2018/out/shioshiota19/FA085.nbt.gz
FA086	hasi21	28057091864	1	0	../../../../../../home/ubuntu/icfpc2018/out/hasi21/FA086.nbt.gz
FA087	shioshiota19	48264595174	1	0	../../../../../../home/ubuntu/icfpc2018/out/shioshiota19/FA087.nbt.gz
FA088	shioshiota19	72932853256	1	0	../../../../../../home/ubuntu/icfpc2018/out/shioshiota19/FA088.nbt.gz
FA089	hasi21	129332097804	1	0	../../../../../../home/ubuntu/icfpc2018/out/hasi21/FA089.nbt.gz
FA090	hasi21	830871440104	1	0	../../../../../../home/ubuntu/icfpc2018/out/hasi21/FA090.nbt.gz
FA091	shioshiota19	52077419112	1	0	../../../../../../home/ubuntu/icfpc2018/out/shioshiota19/FA091.nbt.gz
FA092	hasi21	174316132120	1	0	../../../../../../home/ubuntu/icfpc2018/out/hasi21/FA092.nbt.gz
FA093	shioshiota19	114631301484	1	0	../../../../../../home/ubuntu/icfpc2018/out/shioshiota19/FA093.nbt.gz
FA094	hasi10	182372696548	1	182372696548	../../../../../../home/ubuntu/icfpc2018/out/hasi10/FA094.nbt.gz
FA095	shioshiota19	50809817460	1	0	../../../../../../home/ubuntu/icfpc2018/out/shioshiota19/FA095.nbt.gz
FA096	hasi21	682507088768	1	0	../../../../../../home/ubuntu/icfpc2018/out/hasi21/FA096.nbt.gz
FA097	shioshiota19	199730641448	1	0	../../../../../../home/ubuntu/icfpc2018/out/shioshiota19/FA097.nbt.gz
FA098	hasi21	119203549752	1	0	../../../../../../home/ubuntu/icfpc2018/out/hasi21/FA098.nbt.gz
FA099	hasi21	104950829852	1	0	../../../../../../home/ubuntu/icfpc2018/out/hasi21/FA099.nbt.gz
FA100	shioshiota19	281578773724	1	0	../../../../../../home/ubuntu/icfpc2018/out/shioshiota19/FA100.nbt.gz
FA101	shioshiota19	144154663716	1	0	../../../../../../home/ubuntu/icfpc2018/out/shioshiota19/FA101.nbt.gz
FA102	hasi21	68694533232	1	0	../../../../../../home/ubuntu/icfpc2018/out/hasi21/FA102.nbt.gz
FA103	shioshiota19	68610454320	1	0	../../../../../../home/ubuntu/icfpc2018/out/shioshiota19/FA103.nbt.gz
FA104	hasi21	660635240704	1	0	../../../../../../home/ubuntu/icfpc2018/out/hasi21/FA104.nbt.gz
FA105	hasi21	1456149522635	1	0	../../../../../../home/ubuntu/icfpc2018/out/hasi21/FA105.nbt.gz
FA106	hasi21	602236140588	1	0	../../../../../../home/ubuntu/icfpc2018/out/hasi21/FA106.nbt.gz
FA107	shioshiota19	148681739590	1	148681739590	../../../../../../home/ubuntu/icfpc2018/out/shioshiota19/FA107.nbt.gz
FA108	hasi21	834102150272	1	0	../../../../../../home/ubuntu/icfpc2018/out/hasi21/FA108.nbt.gz
FA109	hasi21	285015920532	1	0	../../../../../../home/ubuntu/icfpc2018/out/hasi21/FA109.nbt.gz
FA110	shioshiota19	283613604726	1	0	../../../../../../home/ubuntu/icfpc2018/out/shioshiota19/FA110.nbt.gz
FA111	johniel7	309978540180	1	None	../../../../../../home/ubuntu/icfpc2018/out/johniel7/FA111.nbt.gz
FA112	hasi21	332181151124	1	0	../../../../../../home/ubuntu/icfpc2018/out/hasi21/FA112.nbt.gz
FA113	hasi21	50415524152	1	0	../../../../../../home/ubuntu/icfpc2018/out/hasi21/FA113.nbt.gz
FA114	shioshiota19	281580980968	1	0	../../../../../../home/ubuntu/icfpc2018/out/shioshiota19/FA114.nbt.gz
FA115	hasi21	3285214805164	1	0	../../../../../../home/ubuntu/icfpc2018/out/hasi21/FA115.nbt.gz
FA116	hasi21	950598117564	1	0	../../../../../../home/ubuntu/icfpc2018/out/hasi21/FA116.nbt.gz
FA117	shioshiota19	3268089376572	1	0	../../../../../../home/ubuntu/icfpc2018/out/shioshiota19/FA117.nbt.gz
FA118	shioshiota19	93219500272	1	0	../../../../../../home/ubuntu/icfpc2018/out/shioshiota19/FA118.nbt.gz
FA119	shioshiota19	964404839194	1	0	../../../../../../home/ubuntu/icfpc2018/out/shioshiota19/FA119.nbt.gz
FA120	hasi21	635979210848	1	0	../../../../../../home/ubuntu/icfpc2018/out/hasi21/FA120.nbt.gz
FA121	shioshiota19	502346256860	1	0	../../../../../../home/ubuntu/icfpc2018/out/shioshiota19/FA121.nbt.gz
FA122	shioshiota19	636356928546	1	0	../../../../../../home/ubuntu/icfpc2018/out/shioshiota19/FA122.nbt.gz
FA123	hasi21	2629782677396	1	0	../../../../../../home/ubuntu/icfpc2018/out/hasi21/FA123.nbt.gz
FA124	hasi21	7359075096	1	0	../../../../../../home/ubuntu/icfpc2018/out/hasi21/FA124.nbt.gz
FA125	hasi21	123304210648	1	0	../../../../../../home/ubuntu/icfpc2018/out/hasi21/FA125.nbt.gz
FA126	shioshiota19	960004739496	1	0	../../../../../../home/ubuntu/icfpc2018/out/shioshiota19/FA126.nbt.gz
FA127	shioshiota19	724256876472	1	0	../../../../../../home/ubuntu/icfpc2018/out/shioshiota19/FA127.nbt.gz
FA128	shioshiota19	1310867042394	1	0	../../../../../../home/ubuntu/icfpc2018/out/shioshiota19/FA128.nbt.gz
FA129	shioshiota19	941337649980	1	0	../../../../../../home/ubuntu/icfpc2018/out/shioshiota19/FA129.nbt.gz
FA130	shioshiota19	1148281598464	1	0	../../../../../../home/ubuntu/icfpc2018/out/shioshiota19/FA130.nbt.gz
FA131	shioshiota19	898944631330	1	0	../../../../../../home/ubuntu/icfpc2018/out/shioshiota19/FA131.nbt.gz
FA132	shioshiota19	858888388884	1	0	../../../../../../home/ubuntu/icfpc2018/out/shioshiota19/FA132.nbt.gz
FA133	shioshiota19	955833667612	1	0	../../../../../../home/ubuntu/icfpc2018/out/shioshiota19/FA133.nbt.gz
FA134	shioshiota19	443149696440	1	0	../../../../../../home/ubuntu/icfpc2018/out/shioshiota19/FA134.nbt.gz
FA135	shioshiota19	532349136784	1	0	../../../../../../home/ubuntu/icfpc2018/out/shioshiota19/FA135.nbt.gz
FA136	shioshiota19	1300279932174	1	0	../../../../../../home/ubuntu/icfpc2018/out/shioshiota19/FA136.nbt.gz
FA137	shioshiota19	3921203624674	1	0	../../../../../../home/ubuntu/icfpc2018/out/shioshiota19/FA137.nbt.gz
FA138	hasi21	6110488599540	1	0	../../../../../../home/ubuntu/icfpc2018/out/hasi21/FA138.nbt.gz
FA139	hasi21	1773834732696	1	0	../../../../../../home/ubuntu/icfpc2018/out/hasi21/FA139.nbt.gz
FA140	shioshiota19	776036323114	1	0	../../../../../../home/ubuntu/icfpc2018/out/shioshiota19/FA140.nbt.gz
FA141	hasi21	689516008480	1	0	../../../../../../home/ubuntu/icfpc2018/out/hasi21/FA141.nbt.gz
FA142	shioshiota19	990337803132	1	0	../../../../../../home/ubuntu/icfpc2018/out/shioshiota19/FA142.nbt.gz
FA143	johniel8	596795460700	1	None	../../../../../../home/ubuntu/icfpc2018/out/johniel8/FA143.nbt.gz
FA144	shioshiota19	5276626985424	1	0	../../../../../../home/ubuntu/icfpc2018/out/shioshiota19/FA144.nbt.gz
FA145	shioshiota19	2896830317974	1	0	../../../../../../home/ubuntu/icfpc2018/out/shioshiota19/FA145.nbt.gz
FA146	shioshiota19	1735619524722	1	0	../../../../../../home/ubuntu/icfpc2018/out/shioshiota19/FA146.nbt.gz
FA147	shioshiota19	701537714258	1	0	../../../../../../home/ubuntu/icfpc2018/out/shioshiota19/FA147.nbt.gz
FA148	hasi10	1714982183504	1	1714982183504	../../../../../../home/ubuntu/icfpc2018/out/hasi10/FA148.nbt.gz
FA149	shioshiota19	501219268606	1	0	../../../../../../home/ubuntu/icfpc2018/out/shioshiota19/FA149.nbt.gz
FA150	shioshiota19	3306295480994	1	0	../../../../../../home/ubuntu/icfpc2018/out/shioshiota19/FA150.nbt.gz
FA151	hasi21	733991196576	1	0	../../../../../../home/ubuntu/icfpc2018/out/hasi21/FA151.nbt.gz
FA152	hasi21	2258499703752	1	0	../../../../../../home/ubuntu/icfpc2018/out/hasi21/FA152.nbt.gz
FA153	shioshiota19	291985435756	1	0	../../../../../../home/ubuntu/icfpc2018/out/shioshiota19/FA153.nbt.gz
FA154	hasi21	1220989339168	1	0	../../../../../../home/ubuntu/icfpc2018/out/hasi21/FA154.nbt.gz
FA155	shioshiota19	715336584324	1	0	../../../../../../home/ubuntu/icfpc2018/out/shioshiota19/FA155.nbt.gz
FA156	shioshiota19	1402156220936	1	0	../../../../../../home/ubuntu/icfpc2018/out/shioshiota19/FA156.nbt.gz
FA157	hasi21	1631398591432	1	0	../../../../../../home/ubuntu/icfpc2018/out/hasi21/FA157.nbt.gz
FA158	hasi21	1271970124844	1	0	../../../../../../home/ubuntu/icfpc2018/out/hasi21/FA158.nbt.gz
FA159	hasi21	735367066184	1	0	../../../../../../home/ubuntu/icfpc2018/out/hasi21/FA159.nbt.gz
FA160	shioshiota19	456299271398	1	0	../../../../../../home/ubuntu/icfpc2018/out/shioshiota19/FA160.nbt.gz
FA161	hasi21	1911674457880	1	0	../../../../../../home/ubuntu/icfpc2018/out/hasi21/FA161.nbt.gz
FA162	shioshiota19	12748356147274	1	0	../../../../../../home/ubuntu/icfpc2018/out/shioshiota19/FA162.nbt.gz
FA163	hasi21	6153099277776	1	0	../../../../../../home/ubuntu/icfpc2018/out/hasi21/FA163.nbt.gz
FA164	hasi21	8340621337168	1	0	../../../../../../home/ubuntu/icfpc2018/out/hasi21/FA164.nbt.gz
FA165	hasi21	6040746999884	1	0	../../../../../../home/ubuntu/icfpc2018/out/hasi21/FA165.nbt.gz
FA166	shioshiota19	14389360992114	1	0	../../../../../../home/ubuntu/icfpc2018/out/shioshiota19/FA166.nbt.gz
FA167	hasi21	11487807115800	1	0	../../../../../../home/ubuntu/icfpc2018/out/hasi21/FA167.nbt.gz
FA168	shioshiota19	2350254992278	1	0	../../../../../../home/ubuntu/icfpc2018/out/shioshiota19/FA168.nbt.gz
FA169	shioshiota19	14523104840730	1	0	../../../../../../home/ubuntu/icfpc2018/out/shioshiota19/FA169.nbt.gz
FA170	shioshiota19	1452125061400	1	1452125061400	../../../../../../home/ubuntu/icfpc2018/out/shioshiota19/FA170.nbt.gz
FA171	shioshiota19	2686024383604	1	0	../../../../../../home/ubuntu/icfpc2018/out/shioshiota19/FA171.nbt.gz
FA172	shioshiota19	4864898351682	1	0	../../../../../../home/ubuntu/icfpc2018/out/shioshiota19/FA172.nbt.gz
FA173	hasi21	75577019941900	1	0	../../../../../../home/ubuntu/icfpc2018/out/hasi21/FA173.nbt.gz
FA174	hasi21	10875036777436	1	0	../../../../../../home/ubuntu/icfpc2018/out/hasi21/FA174.nbt.gz
FA175	shioshiota19	26206216133880	1	0	../../../../../../home/ubuntu/icfpc2018/out/shioshiota19/FA175.nbt.gz
FA176	shioshiota19	29558008747612	1	0	../../../../../../home/ubuntu/icfpc2018/out/shioshiota19/FA176.nbt.gz
FA177	shioshiota19	1986912810940	1	0	../../../../../../home/ubuntu/icfpc2018/out/shioshiota19/FA177.nbt.gz
FA178	shioshiota19	23604611450842	1	0	../../../../../../home/ubuntu/icfpc2018/out/shioshiota19/FA178.nbt.gz
FA179	hasi21	13299259075160	1	0	../../../../../../home/ubuntu/icfpc2018/out/hasi21/FA179.nbt.gz
FA180	hasi21	16970101864164	1	0	../../../../../../home/ubuntu/icfpc2018/out/hasi21/FA180.nbt.gz
FA181	hasi21	75173154537024	1	0	../../../../../../home/ubuntu/icfpc2018/out/hasi21/FA181.nbt.gz
FA182	shioshiota19	25959110118910	1	0	../../../../../../home/ubuntu/icfpc2018/out/shioshiota19/FA182.nbt.gz
FA183	hasi21	25700862187012	1	0	../../../../../../home/ubuntu/icfpc2018/out/hasi21/FA183.nbt.gz
FA184	shioshiota19	94238400778522	1	0	../../../../../../home/ubuntu/icfpc2018/out/shioshiota19/FA184.nbt.gz
FA185	shioshiota19	71281930404420	1	0	../../../../../../home/ubuntu/icfpc2018/out/shioshiota19/FA185.nbt.gz
FA186	shioshiota19	75124551627302	1	0	../../../../../../home/ubuntu/icfpc2018/out/shioshiota19/FA186.nbt.gz
FD001	hasi20	386629	1	386629	../../../../../../home/ubuntu/icfpc2018/out/hasi20/FD001.nbt.gz
FD002	hasi20	391331	1	391331	../../../../../../home/ubuntu/icfpc2018/out/hasi20/FD002.nbt.gz
FD003	hasi20	441524	1	441524	../../../../../../home/ubuntu/icfpc2018/out/hasi20/FD003.nbt.gz
FD004	hasi20	440461	1	440461	../../../../../../home/ubuntu/icfpc2018/out/hasi20/FD004.nbt.gz
FD005	hasi20	430198	1	430198	../../../../../../home/ubuntu/icfpc2018/out/hasi20/FD005.nbt.gz
FD006	hasi20	386094	1	386094	../../../../../../home/ubuntu/icfpc2018/out/hasi20/FD006.nbt.gz
FD007	hasi20	423494	1	423494	../../../../../../home/ubuntu/icfpc2018/out/hasi20/FD007.nbt.gz
FD008	hasi20	371274	1	371274	../../../../../../home/ubuntu/icfpc2018/out/hasi20/FD008.nbt.gz
FD009	hasi20	387384	1	387384	../../../../../../home/ubuntu/icfpc2018/out/hasi20/FD009.nbt.gz
FD010	hasi20	438974	1	438974	../../../../../../home/ubuntu/icfpc2018/out/hasi20/FD010.nbt.gz
FD011	hasi20	389852	1	389852	../../../../../../home/ubuntu/icfpc2018/out/hasi20/FD011.nbt.gz
FD012	hasi20	438913	1	438913	../../../../../../home/ubuntu/icfpc2018/out/hasi20/FD012.nbt.gz
FD013	hasi20	389331	1	389331	../../../../../../home/ubuntu/icfpc2018/out/hasi20/FD013.nbt.gz
FD014	hasi20	437847	1	437847	../../../../../../home/ubuntu/icfpc2018/out/hasi20/FD014.nbt.gz
FD015	hasi20	391296	1	391296	../../../../../../home/ubuntu/icfpc2018/out/hasi20/FD015.nbt.gz
FD016	hasi20	437308	1	437308	../../../../../../home/ubuntu/icfpc2018/out/hasi20/FD016.nbt.gz
FD017	hasi20	437277	1	437277	../../../../../../home/ubuntu/icfpc2018/out/hasi20/FD017.nbt.gz
FD018	hasi20	437262	1	437262	../../../../../../home/ubuntu/icfpc2018/out/hasi20/FD018.nbt.gz
FD019	hasi20	1366972	1	1366972	../../../../../../home/ubuntu/icfpc2018/out/hasi20/FD019.nbt.gz
FD020	hasi20	1630612	1	1630612	../../../../../../home/ubuntu/icfpc2018/out/hasi20/FD020.nbt.gz
FD021	hasi20	1505572	1	1505572	../../../../../../home/ubuntu/icfpc2018/out/hasi20/FD021.nbt.gz
FD022	hasi20	1575052	1	1575052	../../../../../../home/ubuntu/icfpc2018/out/hasi20/FD022.nbt.gz
FD023	hasi20	1555144	1	1555144	../../../../../../home/ubuntu/icfpc2018/out/hasi20/FD023.nbt.gz
FD024	hasi20	1591144	1	1591144	../../../../../../home/ubuntu/icfpc2018/out/hasi20/FD024.nbt.gz
FD025	hasi20	1416904	1	1416904	../../../../../../home/ubuntu/icfpc2018/out/hasi20/FD025.nbt.gz
FD026	hasi20	1488244	1	1488244	../../../../../../home/ubuntu/icfpc2018/out/hasi20/FD026.nbt.gz
FD027	hasi20	1437664	1	1437664	../../../../../../home/ubuntu/icfpc2018/out/hasi20/FD027.nbt.gz
FD028	hasi20	1476664	1	1476664	../../../../../../home/ubuntu/icfpc2018/out/hasi20/FD028.nbt.gz
FD029	hasi20	1574452	1	1574452	../../../../../../home/ubuntu/icfpc2018/out/hasi20/FD029.nbt.gz
FD030	hasi20	1652452	1	1652452	../../../../../../home/ubuntu/icfpc2018/out/hasi20/FD030.nbt.gz
FD031	hasi20	1583680	1	1583680	../../../../../../home/ubuntu/icfpc2018/out/hasi20/FD031.nbt.gz
FD032	hasi20	1653040	1	1653040	../../../../../../home/ubuntu/icfpc2018/out/hasi20/FD032.nbt.gz
FD033	hasi20	1632667	1	1632667	../../../../../../home/ubuntu/icfpc2018/out/hasi20/FD033.nbt.gz
FD034	hasi20	1655902	1	1655902	../../../../../../home/ubuntu/icfpc2018/out/hasi20/FD034.nbt.gz
FD035	hasi20	1586422	1	1586422	../../../../../../home/ubuntu/icfpc2018/out/hasi20/FD035.nbt.gz
FD036	hasi20	1648284	1	1648284	../../../../../../home/ubuntu/icfpc2018/out/hasi20/FD036.nbt.gz
FD037	hasi20	1660359	1	1660359	../../../../../../home/ubuntu/icfpc2018/out/hasi20/FD037.nbt.gz
FD038	hasi20	1604749	1	1604749	../../../../../../home/ubuntu/icfpc2018/out/hasi20/FD038.nbt.gz
FD039	hasi20	1628584	1	1628584	../../../../../../home/ubuntu/icfpc2018/out/hasi20/FD039.nbt.gz
FD040	hasi20	1568906	1	1568906	../../../../../../home/ubuntu/icfpc2018/out/hasi20/FD040.nbt.gz
FD041	hasi20	1513661	1	1513661	../../../../../../home/ubuntu/icfpc2018/out/hasi20/FD041.nbt.gz
FD042	hasi19	51610010	1	51610010	../../../../../../home/ubuntu/icfpc2018/out/hasi19/FD042.nbt.gz
FD043	hasi20	24827327	1	24827327	../../../../../../home/ubuntu/icfpc2018/out/hasi20/FD043.nbt.gz
FD044	hasi20	36454208	1	36454208	../../../../../../home/ubuntu/icfpc2018/out/hasi20/FD044.nbt.gz
FD045	hasi20	64439094	1	64439094	../../../../../../home/ubuntu/icfpc2018/out/hasi20/FD045.nbt.gz
FD046	hasi20	54761640	1	54761640	../../../../../../home/ubuntu/icfpc2018/out/hasi20/FD046.nbt.gz
FD047	hasi20	37343913	1	37343913	../../../../../../home/ubuntu/icfpc2018/out/hasi20/FD047.nbt.gz
FD048	hasi20	4875204	1	4875204	../../../../../../home/ubuntu/icfpc2018/out/hasi20/FD048.nbt.gz
FD049	hasi20	28525962	1	28525962	../../../../../../home/ubuntu/icfpc2018/out/hasi20/FD049.nbt.gz
FD050	hasi20	29711232	1	29711232	../../../../../../home/ubuntu/icfpc2018/out/hasi20/FD050.nbt.gz
FD051	hasi20	37122274	1	37122274	../../../../../../home/ubuntu/icfpc2018/out/hasi20/FD051.nbt.gz
FD052	hasi20	7470247	1	7470247	../../../../../../home/ubuntu/icfpc2018/out/hasi20/FD052.nbt.gz
FD053	hasi20	25139658	1	25139658	../../../../../../home/ubuntu/icfpc2018/out/hasi20/FD053.nbt.gz
FD054	hasi20	4828193	1	4828193	../../../../../../home/ubuntu/icfpc2018/out/hasi20/FD054.nbt.gz
FD055	hasi20	7545371	1	7545371	../../../../../../home/ubuntu/icfpc2018/out/hasi20/FD055.nbt.gz
FD056	hasi20	27120855	1	27120855	../../../../../../home/ubuntu/icfpc2018/out/hasi20/FD056.nbt.gz
FD057	hasi20	41596520	1	41596520	../../../../../../home/ubuntu/icfpc2018/out/hasi20/FD057.nbt.gz
FD058	hasi20	178831906	1	178831906	../../../../../../home/ubuntu/icfpc2018/out/hasi20/FD058.nbt.gz
FD059	hasi20	41881054	1	41881054	../../../../../../home/ubuntu/icfpc2018/out/hasi20/FD059.nbt.gz
FD060	hasi20	38154682	1	38154682	../../../../../../home/ubuntu/icfpc2018/out/hasi20/FD060.nbt.gz
FD061	hasi20	994037828	1	994037828	../../../../../../home/ubuntu/icfpc2018/out/hasi20/FD061.nbt.gz
FD062	hasi20	626493012	1	626493012	../../../../../../home/ubuntu/icfpc2018/out/hasi20/FD062.nbt.gz
FD063	hasi20	120294290	1	120294290	../../../../../../home/ubuntu/icfpc2018/out/hasi20/FD063.nbt.gz
FD064	hasi20	112051375	1	112051375	../../../../../../home/ubuntu/icfpc2018/out/hasi20/FD064.nbt.gz
FD065	hasi20	152596428	1	152596428	../../../../../../home/ubuntu/icfpc2018/out/hasi20/FD065.nbt.gz
FD066	hasi20	35832467	1	35832467	../../../../../../home/ubuntu/icfpc2018/out/hasi20/FD066.nbt.gz
FD067	hasi20	28026244	1	28026244	../../../../../../home/ubuntu/icfpc2018/out/hasi20/FD067.nbt.gz
FD068	hasi20	26711096	1	26711096	../../../../../../home/ubuntu/icfpc2018/out/hasi20/FD068.nbt.gz
FD069	hasi20	99541436	1	99541436	../../../../../../home/ubuntu/icfpc2018/out/hasi20/FD069.nbt.gz
FD070	hasi20	84121361	1	84121361	../../../../../../home/ubuntu/icfpc2018/out/hasi20/FD070.nbt.gz
FD071	hasi20	92310357	1	92310357	../../../../../../home/ubuntu/icfpc2018/out/hasi20/FD071.nbt.gz
FD072	hasi20	85713086	1	85713086	../../../../../../home/ubuntu/icfpc2018/out/hasi20/FD072.nbt.gz
FD073	hasi20	203665756	1	203665756	../../../../../../home/ubuntu/icfpc2018/out/hasi20/FD073.nbt.gz
FD074	hasi20	91705514	1	91705514	../../../../../../home/ubuntu/icfpc2018/out/hasi20/FD074.nbt.gz
FD075	hasi20	140674763	1	140674763	../../../../../../home/ubuntu/icfpc2018/out/hasi20/FD075.nbt.gz
FD076	hasi20	143941483	1	143941483	../../../../../../home/ubuntu/icfpc2018/out/hasi20/FD076.nbt.gz
FD077	hasi20	98625466	1	98625466	../../../../../../home/ubuntu/icfpc2018/out/hasi20/FD077.nbt.gz
FD078	hasi20	637380310	1	637380310	../../../../../../home/ubuntu/icfpc2018/out/hasi20/FD078.nbt.gz
FD079	hasi20	272512734	1	272512734	../../../../../../home/ubuntu/icfpc2018/out/hasi20/FD079.nbt.gz
FD080	hasi17	232432218	1	232432218	../../../../../../home/ubuntu/icfpc2018/out/hasi17/FD080.nbt.gz
FD081	hasi20	305633616	1	305633616	../../../../../../home/ubuntu/icfpc2018/out/hasi20/FD081.nbt.gz
FD082	hasi20	984181880	1	984181880	../../../../../../home/ubuntu/icfpc2018/out/hasi20/FD082.nbt.gz
FD083	hasi20	990712197	1	990712197	../../../../../../home/ubuntu/icfpc2018/out/hasi20/FD083.nbt.gz
FD084	hasi20	247973220	1	247973220	../../../../../../home/ubuntu/icfpc2018/out/hasi20/FD084.nbt.gz
FD085	hasi20	501402588	1	501402588	../../../../../../home/ubuntu/icfpc2018/out/hasi20/FD085.nbt.gz
FD086	hasi20	139104095	1	139104095	../../../../../../home/ubuntu/icfpc2018/out/hasi20/FD086.nbt.gz
FD087	hasi20	131460075	1	131460075	../../../../../../home/ubuntu/icfpc2018/out/hasi20/FD087.nbt.gz
FD088	hasi20	272703062	1	272703062	../../../../../../home/ubuntu/icfpc2018/out/hasi20/FD088.nbt.gz
FD089	hasi20	297932339	1	297932339	../../../../../../home/ubuntu/icfpc2018/out/hasi20/FD089.nbt.gz
FD090	hasi20	823651199	1	823651199	../../../../../../home/ubuntu/icfpc2018/out/hasi20/FD090.nbt.gz
FD091	hasi20	297834022	1	297834022	../../../../../../home/ubuntu/icfpc2018/out/hasi20/FD091.nbt.gz
FD092	hasi20	293067472	1	293067472	../../../../../../home/ubuntu/icfpc2018/out/hasi20/FD092.nbt.gz
FD093	hasi20	2309929887	1	2309929887	../../../../../../home/ubuntu/icfpc2018/out/hasi20/FD093.nbt.gz
FD094	hasi20	1295087308	1	1295087308	../../../../../../home/ubuntu/icfpc2018/out/hasi20/FD094.nbt.gz
FD095	hasi20	362697393	1	362697393	../../../../../../home/ubuntu/icfpc2018/out/hasi20/FD095.nbt.gz
FD096	hasi20	1725869671	1	1725869671	../../../../../../home/ubuntu/icfpc2018/out/hasi20/FD096.nbt.gz
FD097	hasi17	207189564	1	207189564	../../../../../../home/ubuntu/icfpc2018/out/hasi17/FD097.nbt.gz
FD098	hasi20	267721439	1	267721439	../../../../../../home/ubuntu/icfpc2018/out/hasi20/FD098.nbt.gz
FD099	hasi20	1600806682	1	1600806682	../../../../../../home/ubuntu/icfpc2018/out/hasi20/FD099.nbt.gz
FD100	hasi20	1616657361	1	1616657361	../../../../../../home/ubuntu/icfpc2018/out/hasi20/FD100.nbt.gz
FD101	hasi20	83254068	1	83254068	../../../../../../home/ubuntu/icfpc2018/out/hasi20/FD101.nbt.gz
FD102	hasi20	325958422	1	325958422	../../../../../../home/ubuntu/icfpc2018/out/hasi20/FD102.nbt.gz
FD103	hasi20	566710712	1	566710712	../../../../../../home/ubuntu/icfpc2018/out/hasi20/FD103.nbt.gz
FD104	hasi20	470410518	1	470410518	../../../../../../home/ubuntu/icfpc2018/out/hasi20/FD104.nbt.gz
FD105	hasi20	1032947222	1	1032947222	../../../../../../home/ubuntu/icfpc2018/out/hasi20/FD105.nbt.gz
FD106	hasi20	5027344252	1	5027344252	../../../../../../home/ubuntu/icfpc2018/out/hasi20/FD106.nbt.gz
FD107	hasi20	572566236	1	572566236	../../../../../../home/ubuntu/icfpc2018/out/hasi20/FD107.nbt.gz
FD108	hasi20	6099733502	1	6099733502	../../../../../../home/ubuntu/icfpc2018/out/hasi20/FD108.nbt.gz
FD109	hasi20	4004426060	1	4004426060	../../../../../../home/ubuntu/icfpc2018/out/hasi20/FD109.nbt.gz
FD110	hasi20	713227804	1	713227804	../../../../../../home/ubuntu/icfpc2018/out/hasi20/FD110.nbt.gz
FD111	hasi20	2733112692	1	2733112692	../../../../../../home/ubuntu/icfpc2018/out/hasi20/FD111.nbt.gz
FD112	hasi20	1797374931	1	1797374931	../../../../../../home/ubuntu/icfpc2018/out/hasi20/FD112.nbt.gz
FD113	hasi20	420452414	1	420452414	../../../../../../home/ubuntu/icfpc2018/out/hasi20/FD113.nbt.gz
FD114	hasi20	2831423124	1	2831423124	../../../../../../home/ubuntu/icfpc2018/out/hasi20/FD114.nbt.gz
FD115	hasi20	2094548690	1	2094548690	../../../../../../home/ubuntu/icfpc2018/out/hasi20/FD115.nbt.gz
FD116	hasi20	8408378394	1	8408378394	../../../../../../home/ubuntu/icfpc2018/out/hasi20/FD116.nbt.gz
FD117	shioshiota18	7995596469	1	7995596469	../../../../../../home/ubuntu/icfpc2018/out/shioshiota18/FD117.nbt.gz
FD118	hasi20	765103600	1	765103600	../../../../../../home/ubuntu/icfpc2018/out/hasi20/FD118.nbt.gz
FD119	hasi20	3019798623	1	3019798623	../../../../../../home/ubuntu/icfpc2018/out/hasi20/FD119.nbt.gz
FD120	hasi20	1192171760	1	1192171760	../../../../../../home/ubuntu/icfpc2018/out/hasi20/FD120.nbt.gz
FD121	hasi20	552122212	1	552122212	../../../../../../home/ubuntu/icfpc2018/out/hasi20/FD121.nbt.gz
FD122	hasi20	6138967087	1	6138967087	../../../../../../home/ubuntu/icfpc2018/out/hasi20/FD122.nbt.gz
FD123	hasi20	9592473062	1	9592473062	../../../../../../home/ubuntu/icfpc2018/out/hasi20/FD123.nbt.gz
FD124	hasi20	183267784	1	183267784	../../../../../../home/ubuntu/icfpc2018/out/hasi20/FD124.nbt.gz
FD125	hasi20	5577733959	1	5577733959	../../../../../../home/ubuntu/icfpc2018/out/hasi20/FD125.nbt.gz
FD126	hasi20	4097251865	1	4097251865	../../../../../../home/ubuntu/icfpc2018/out/hasi20/FD126.nbt.gz
FD127	hasi20	466427063	1	466427063	../../../../../../home/ubuntu/icfpc2018/out/hasi20/FD127.nbt.gz
FD128	hasi20	2065065292	1	2065065292	../../../../../../home/ubuntu/icfpc2018/out/hasi20/FD128.nbt.gz
FD129	hasi20	1831047436	1	1831047436	../../../../../../home/ubuntu/icfpc2018/out/hasi20/FD129.nbt.gz
FD130	hasi20	1453817877	1	1453817877	../../../../../../home/ubuntu/icfpc2018/out/hasi20/FD130.nbt.gz
FD131	hasi20	1607444527	1	1607444527	../../../../../../home/ubuntu/icfpc2018/out/hasi20/FD131.nbt.gz
FD132	hasi20	1882214302	1	1882214302	../../../../../../home/ubuntu/icfpc2018/out/hasi20/FD132.nbt.gz
FD133	hasi20	1024110518	1	1024110518	../../../../../../home/ubuntu/icfpc2018/out/hasi20/FD133.nbt.gz
FD134	hasi20	1606314769	1	1606314769	../../../../../../home/ubuntu/icfpc2018/out/hasi20/FD134.nbt.gz
FD135	hasi20	267694992	1	267694992	../../../../../../home/ubuntu/icfpc2018/out/hasi20/FD135.nbt.gz
FD136	hasi20	2465637782	1	2465637782	../../../../../../home/ubuntu/icfpc2018/out/hasi20/FD136.nbt.gz
FD137	shioshiota18	18992837233	1	18992837233	../../../../../../home/ubuntu/icfpc2018/out/shioshiota18/FD137.nbt.gz
FD138	hasi20	11214589904	1	11214589904	../../../../../../home/ubuntu/icfpc2018/out/hasi20/FD138.nbt.gz
FD139	hasi20	20920731988	1	20920731988	../../../../../../home/ubuntu/icfpc2018/out/hasi20/FD139.nbt.gz
FD140	hasi20	4488713959	1	4488713959	../../../../../../home/ubuntu/icfpc2018/out/hasi20/FD140.nbt.gz
FD141	hasi20	13176893568	1	13176893568	../../../../../../home/ubuntu/icfpc2018/out/hasi20/FD141.nbt.gz
FD142	hasi20	12911564747	1	12911564747	../../../../../../home/ubuntu/icfpc2018/out/hasi20/FD142.nbt.gz
FD143	hasi20	3952865237	1	3952865237	../../../../../../home/ubuntu/icfpc2018/out/hasi20/FD143.nbt.gz
FD144	hasi20	41799559051	1	41799559051	../../../../../../home/ubuntu/icfpc2018/out/hasi20/FD144.nbt.gz
FD145	shioshiota18	9961413834	1	9961413834	../../../../../../home/ubuntu/icfpc2018/out/shioshiota18/FD145.nbt.gz
FD146	hasi20	14467771211	1	14467771211	../../../../../../home/ubuntu/icfpc2018/out/hasi20/FD146.nbt.gz
FD147	shioshiota18	29421951254	1	29421951254	../../../../../../home/ubuntu/icfpc2018/out/shioshiota18/FD147.nbt.gz
FD148	hasi20	10042402951	1	10042402951	../../../../../../home/ubuntu/icfpc2018/out/hasi20/FD148.nbt.gz
FD149	hasi20	1194705084	1	1194705084	../../../../../../home/ubuntu/icfpc2018/out/hasi20/FD149.nbt.gz
FD150	hasi20	4570124123	1	4570124123	../../../../../../home/ubuntu/icfpc2018/out/hasi20/FD150.nbt.gz
FD151	hasi20	15411249871	1	15411249871	../../../../../../home/ubuntu/icfpc2018/out/hasi20/FD151.nbt.gz
FD152	hasi20	5851269067	1	5851269067	../../../../../../home/ubuntu/icfpc2018/out/hasi20/FD152.nbt.gz
FD153	hasi20	1306151320	1	1306151320	../../../../../../home/ubuntu/icfpc2018/out/hasi20/FD153.nbt.gz
FD154	hasi20	1976094053	1	1976094053	../../../../../../home/ubuntu/icfpc2018/out/hasi20/FD154.nbt.gz
FD155	hasi20	4014040469	1	4014040469	../../../../../../home/ubuntu/icfpc2018/out/hasi20/FD155.nbt.gz
FD156	hasi20	12308537697	1	12308537697	../../../../../../home/ubuntu/icfpc2018/out/hasi20/FD156.nbt.gz
FD157	hasi20	2818486545	1	2818486545	../../../../../../home/ubuntu/icfpc2018/out/hasi20/FD157.nbt.gz
FD158	hasi20	1881675657	1	1881675657	../../../../../../home/ubuntu/icfpc2018/out/hasi20/FD158.nbt.gz
FD159	hasi20	11101728257	1	11101728257	../../../../../../home/ubuntu/icfpc2018/out/hasi20/FD159.nbt.gz
FD160	hasi20	31517389780	1	31517389780	../../../../../../home/ubuntu/icfpc2018/out/hasi20/FD160.nbt.gz
FD161	hasi20	3125095351	1	3125095351	../../../../../../home/ubuntu/icfpc2018/out/hasi20/FD161.nbt.gz
FD162	hasi20	22019699925	1	22019699925	../../../../../../home/ubuntu/icfpc2018/out/hasi20/FD162.nbt.gz
FD163	hasi20	44666359909	1	44666359909	../../../../../../home/ubuntu/icfpc2018/out/hasi20/FD163.nbt.gz
FD164	hasi20	49685488587	1	49685488587	../../../../../../home/ubuntu/icfpc2018/out/hasi20/FD164.nbt.gz
FD165	shioshiota18	49121072108	1	49121072108	../../../../../../home/ubuntu/icfpc2018/out/shioshiota18/FD165.nbt.gz
FD166	hasi20	15000019786	1	15000019786	../../../../../../home/ubuntu/icfpc2018/out/hasi20/FD166.nbt.gz
FD167	hasi20	25593007826	1	25593007826	../../../../../../home/ubuntu/icfpc2018/out/hasi20/FD167.nbt.gz
FD168	hasi20	14145236489	1	14145236489	../../../../../../home/ubuntu/icfpc2018/out/hasi20/FD168.nbt.gz
FD169	shioshiota18	47125168693	1	47125168693	../../../../../../home/ubuntu/icfpc2018/out/shioshiota18/FD169.nbt.gz
FD170	hasi20	160760566090	1	160760566090	../../../../../../home/ubuntu/icfpc2018/out/hasi20/FD170.nbt.gz
FD171	hasi20	11381578445	1	11381578445	../../../../../../home/ubuntu/icfpc2018/out/hasi20/FD171.nbt.gz
FD172	hasi20	19184022256	1	19184022256	../../../../../../home/ubuntu/icfpc2018/out/hasi20/FD172.nbt.gz
FD173	shioshiota18	165858935840	1	165858935840	../../../../../../home/ubuntu/icfpc2018/out/shioshiota18/FD173.nbt.gz
FD174	hasi20	9486062897	1	9486062897	../../../../../../home/ubuntu/icfpc2018/out/hasi20/FD174.nbt.gz
FD175	shioshiota18	150500244359	1	150500244359	../../../../../../home/ubuntu/icfpc2018/out/shioshiota18/FD175.nbt.gz
FD176	hasi20	57903855828	1	57903855828	../../../../../../home/ubuntu/icfpc2018/out/hasi20/FD176.nbt.gz
FD177	hasi20	14401399913	1	14401399913	../../../../../../home/ubuntu/icfpc2018/out/hasi20/FD177.nbt.gz
FD178	hasi20	71045074892	1	71045074892	../../../../../../home/ubuntu/icfpc2018/out/hasi20/FD178.nbt.gz
FD179	hasi20	139778326643	1	139778326643	../../../../../../home/ubuntu/icfpc2018/out/hasi20/FD179.nbt.gz
FD180	hasi20	163414019453	1	163414019453	../../../../../../home/ubuntu/icfpc2018/out/hasi20/FD180.nbt.gz
FD181	hasi20	183537210501	1	183537210501	../../../../../../home/ubuntu/icfpc2018/out/hasi20/FD181.nbt.gz
FD182	hasi20	66683983009	1	66683983009	../../../../../../home/ubuntu/icfpc2018/out/hasi20/FD182.nbt.gz
FD183	hasi20	62560674726	1	62560674726	../../../../../../home/ubuntu/icfpc2018/out/hasi20/FD183.nbt.gz
FD184	hasi20	131449827695	1	131449827695	../../../../../../home/ubuntu/icfpc2018/out/hasi20/FD184.nbt.gz
FD185	shioshiota18	144753325262	1	144753325262	../../../../../../home/ubuntu/icfpc2018/out/shioshiota18/FD185.nbt.gz
FD186	hasi20	470810030104	1	470810030104	../../../../../../home/ubuntu/icfpc2018/out/hasi20/FD186.nbt.gz
FR001	shioshiota14	27703318	1	None	../../../../../../home/ubuntu/icfpc2018/out/shioshiota14/FR001.nbt.gz
FR002	shioshiota14	86111291	1	None	../../../../../../home/ubuntu/icfpc2018/out/shioshiota14/FR002.nbt.gz
FR003	shioshiota14	83694800	1	None	../../../../../../home/ubuntu/icfpc2018/out/shioshiota14/FR003.nbt.gz
FR004	shioshiota14	27822326	1	None	../../../../../../home/ubuntu/icfpc2018/out/shioshiota14/FR004.nbt.gz
FR005	shioshiota14	26232399	1	None	../../../../../../home/ubuntu/icfpc2018/out/shioshiota14/FR005.nbt.gz
FR006	shioshiota14	28011417	1	None	../../../../../../home/ubuntu/icfpc2018/out/shioshiota14/FR006.nbt.gz
FR007	shioshiota14	14480141	1	None	../../../../../../home/ubuntu/icfpc2018/out/shioshiota14/FR007.nbt.gz
FR008	shioshiota14	32290762	1	None	../../../../../../home/ubuntu/icfpc2018/out/shioshiota14/FR008.nbt.gz
FR009	shioshiota14	28393198	1	None	../../../../../../home/ubuntu/icfpc2018/out/shioshiota14/FR009.nbt.gz
FR010	shioshiota14	29164023	1	None	../../../../../../home/ubuntu/icfpc2018/out/shioshiota14/FR010.nbt.gz
FR011	shioshiota14	22145724	1	None	../../../../../../home/ubuntu/icfpc2018/out/shioshiota14/FR011.nbt.gz
FR012	johniel5	33511690	1	None	../../../../../../home/ubuntu/icfpc2018/out/johniel5/FR012.nbt.gz
FR013	shioshiota14	1951594628	1	None	../../../../../../home/ubuntu/icfpc2018/out/shioshiota14/FR013.nbt.gz
FR014	shioshiota14	1253353264	1	None	../../../../../../home/ubuntu/icfpc2018/out/shioshiota14/FR014.nbt.gz
FR015	shioshiota14	1951802708	1	None	../../../../../../home/ubuntu/icfpc2018/out/shioshiota14/FR015.nbt.gz
FR016	shioshiota14	704162892	1	None	../../../../../../home/ubuntu/icfpc2018/out/shioshiota14/FR016.nbt.gz
FR017	shioshiota18	77879698	1	77879698	../../../../../../home/ubuntu/icfpc2018/out/shioshiota18/FR017.nbt.gz
FR018	shioshiota14	1253478304	1	None	../../../../../../home/ubuntu/icfpc2018/out/shioshiota14/FR018.nbt.gz
FR019	shioshiota14	704370972	1	None	../../../../../../home/ubuntu/icfpc2018/out/shioshiota14/FR019.nbt.gz
FR020	shioshiota16	123086638	1	123086638	../../../../../../home/ubuntu/icfpc2018/out/shioshiota16/FR020.nbt.gz
FR021	shioshiota19	9407506	1	9407506	../../../../../../home/ubuntu/icfpc2018/out/shioshiota19/FR021.nbt.gz
FR022	shioshiota14	450833072	1	None	../../../../../../home/ubuntu/icfpc2018/out/shioshiota14/FR022.nbt.gz
FR023	shioshiota14	228381748	1	None	../../../../../../home/ubuntu/icfpc2018/out/shioshiota14/FR023.nbt.gz
FR024	shioshiota14	728117712	1	None	../../../../../../home/ubuntu/icfpc2018/out/shioshiota14/FR024.nbt.gz
FR025	shioshiota14	1951860323	1	None	../../../../../../home/ubuntu/icfpc2018/out/shioshiota14/FR025.nbt.gz
FR026	shioshiota14	1113740384	1	None	../../../../../../home/ubuntu/icfpc2018/out/shioshiota14/FR026.nbt.gz
FR027	shioshiota14	378532036	1	None	../../../../../../home/ubuntu/icfpc2018/out/shioshiota14/FR027.nbt.gz
FR028	shioshiota19	507126034	1	0	../../../../../../home/ubuntu/icfpc2018/out/shioshiota19/FR028.nbt.gz
FR029	shioshiota14	1133298596	1	None	../../../../../../home/ubuntu/icfpc2018/out/shioshiota14/FR029.nbt.gz
FR030	shioshiota14	1758827040	1	None	../../../../../../home/ubuntu/icfpc2018/out/shioshiota14/FR030.nbt.gz
FR031	shioshiota14	463559152	1	None	../../../../../../home/ubuntu/icfpc2018/out/shioshiota14/FR031.nbt.gz
FR032	shioshiota19	166677008	1	0	../../../../../../home/ubuntu/icfpc2018/out/shioshiota19/FR032.nbt.gz
FR033	shioshiota14	1759036320	1	None	../../../../../../home/ubuntu/icfpc2018/out/shioshiota14/FR033.nbt.gz
FR034	shioshiota14	1133452631	1	None	../../../../../../home/ubuntu/icfpc2018/out/shioshiota14/FR034.nbt.gz
FR035	shioshiota14	1910795001	1	None	../../../../../../home/ubuntu/icfpc2018/out/shioshiota14/FR035.nbt.gz
FR036	shioshiota14	2838148703	1	None	../../../../../../home/ubuntu/icfpc2018/out/shioshiota14/FR036.nbt.gz
FR037	shioshiota14	2519394353	1	None	../../../../../../home/ubuntu/icfpc2018/out/shioshiota14/FR037.nbt.gz
FR038	shioshiota14	5455639561	1	None	../../../../../../home/ubuntu/icfpc2018/out/shioshiota14/FR038.nbt.gz
FR039	hasi21	2690432040	1	0	../../../../../../home/ubuntu/icfpc2018/out/hasi21/FR039.nbt.gz
FR040	shioshiota14	5725668892	1	None	../../../../../../home/ubuntu/icfpc2018/out/shioshiota14/FR040.nbt.gz
FR041	shioshiota14	5015878779	1	None	../../../../../../home/ubuntu/icfpc2018/out/shioshiota14/FR041.nbt.gz
FR042	shioshiota14	6755270631	1	None	../../../../../../home/ubuntu/icfpc2018/out/shioshiota14/FR042.nbt.gz
FR043	shioshiota14	8381309901	1	None	../../../../../../home/ubuntu/icfpc2018/out/shioshiota14/FR043.nbt.gz
FR044	shioshiota14	8431157760	1	None	../../../../../../home/ubuntu/icfpc2018/out/shioshiota14/FR044.nbt.gz
FR045	shioshiota14	12552052317	1	None	../../../../../../home/ubuntu/icfpc2018/out/shioshiota14/FR045.nbt.gz
FR046	shioshiota14	9266351604	1	None	../../../../../../home/ubuntu/icfpc2018/out/shioshiota14/FR046.nbt.gz
FR047	shioshiota14	9778721904	1	None	../../../../../../home/ubuntu/icfpc2018/out/shioshiota14/FR047.nbt.gz
FR048	shioshiota14	12865602468	1	None	../../../../../../home/ubuntu/icfpc2018/out/shioshiota14/FR048.nbt.gz
FR049	shioshiota14	16711518806	1	None	../../../../../../home/ubuntu/icfpc2018/out/shioshiota14/FR049.nbt.gz
FR050	shioshiota14	13241997520	1	None	../../../../../../home/ubuntu/icfpc2018/out/shioshiota14/FR050.nbt.gz
FR051	shioshiota19	4344395660	1	4344395660	../../../../../../home/ubuntu/icfpc2018/out/shioshiota19/FR051.nbt.gz
FR052	shioshiota19	4340669288	1	4340669288	../../../../../../home/ubuntu/icfpc2018/out/shioshiota19/FR052.nbt.gz
FR053	shioshiota14	16980807838	1	None	../../../../../../home/ubuntu/icfpc2018/out/shioshiota14/FR053.nbt.gz
FR054	shioshiota19	15832851308	1	0	../../../../../../home/ubuntu/icfpc2018/out/shioshiota19/FR054.nbt.gz
FR055	shioshiota14	67419194416	1	None	../../../../../../home/ubuntu/icfpc2018/out/shioshiota14/FR055.nbt.gz
FR056	shioshiota14	66610755106	1	None	../../../../../../home/ubuntu/icfpc2018/out/shioshiota14/FR056.nbt.gz
FR057	shioshiota19	9801733945	1	0	../../../../../../home/ubuntu/icfpc2018/out/shioshiota19/FR057.nbt.gz
FR058	shioshiota19	14677768519	1	0	../../../../../../home/ubuntu/icfpc2018/out/shioshiota19/FR058.nbt.gz
FR059	shioshiota14	15803921913	1	None	../../../../../../home/ubuntu/icfpc2018/out/shioshiota14/FR059.nbt.gz
FR060	shioshiota14	44426061596	1	None	../../../../../../home/ubuntu/icfpc2018/out/shioshiota14/FR060.nbt.gz
FR061	shioshiota14	32762041502	1	None	../../../../../../home/ubuntu/icfpc2018/out/shioshiota14/FR061.nbt.gz
FR062	shioshiota14	100492861867	1	None	../../../../../../home/ubuntu/icfpc2018/out/shioshiota14/FR062.nbt.gz
FR063	shioshiota14	88699634673	1	None	../../../../../../home/ubuntu/icfpc2018/out/shioshiota14/FR063.nbt.gz
FR064	shioshiota14	48974042319	1	None	../../../../../../home/ubuntu/icfpc2018/out/shioshiota14/FR064.nbt.gz
FR065	shioshiota14	19896154067	1	None	../../../../../../home/ubuntu/icfpc2018/out/shioshiota14/FR065.nbt.gz
FR066	shioshiota14	22495109424	1	None	../../../../../../home/ubuntu/icfpc2018/out/shioshiota14/FR066.nbt.gz
FR067	shioshiota19	23759359334	1	23759359334	../../../../../../home/ubuntu/icfpc2018/out/shioshiota19/FR067.nbt.gz
FR068	shioshiota19	68934876722	1	0	../../../../../../home/ubuntu/icfpc2018/out/shioshiota19/FR068.nbt.gz
FR069	shioshiota14	59156457187	1	None	../../../../../../home/ubuntu/icfpc2018/out/shioshiota14/FR069.nbt.gz
FR070	shioshiota14	634429383644	1	None	../../../../../../home/ubuntu/icfpc2018/out/shioshiota14/FR070.nbt.gz
FR071	shioshiota14	319296870355	1	None	../../../../../../home/ubuntu/icfpc2018/out/shioshiota14/FR071.nbt.gz
FR072	hasi21	834813191056	1	0	../../../../../../home/ubuntu/icfpc2018/out/hasi21/FR072.nbt.gz
FR073	shioshiota14	251134149416	1	None	../../../../../../home/ubuntu/icfpc2018/out/shioshiota14/FR073.nbt.gz
FR074	shioshiota14	327357515472	1	None	../../../../../../home/ubuntu/icfpc2018/out/shioshiota14/FR074.nbt.gz
FR075	hasi21	603677614926	1	0	../../../../../../home/ubuntu/icfpc2018/out/hasi21/FR075.nbt.gz
FR076	hasi21	954159767086	1	0	../../../../../../home/ubuntu/icfpc2018/out/hasi21/FR076.nbt.gz
FR077	shioshiota14	274103497286	1	None	../../../../../../home/ubuntu/icfpc2018/out/shioshiota14/FR077.nbt.gz
FR078	shioshiota19	1150109645880	1	0	../../../../../../home/ubuntu/icfpc2018/out/shioshiota19/FR078.nbt.gz
FR079	shioshiota14	207034724695	1	None	../../../../../../home/ubuntu/icfpc2018/out/shioshiota14/FR079.nbt.gz
FR080	shioshiota14	201163815430	1	None	../../../../../../home/ubuntu/icfpc2018/out/shioshiota14/FR080.nbt.gz
FR081	shioshiota14	232865162703	1	None	../../../../../../home/ubuntu/icfpc2018/out/shioshiota14/FR081.nbt.gz
FR082	shioshiota14	72621399119	1	None	../../../../../../home/ubuntu/icfpc2018/out/shioshiota14/FR082.nbt.gz
FR083	shioshiota14	138250464306	1	None	../../../../../../home/ubuntu/icfpc2018/out/shioshiota14/FR083.nbt.gz
FR084	shioshiota14	230405312340	1	None	../../../../../../home/ubuntu/icfpc2018/out/shioshiota14/FR084.nbt.gz
FR085	shioshiota19	1374499929738	1	0	../../../../../../home/ubuntu/icfpc2018/out/shioshiota19/FR085.nbt.gz
FR086	shioshiota19	3934579433277	1	0	../../../../../../home/ubuntu/icfpc2018/out/shioshiota19/FR086.nbt.gz
FR087	hasi21	6129623924808	1	0	../../../../../../home/ubuntu/icfpc2018/out/hasi21/FR087.nbt.gz
FR088	shioshiota14	312389002580	1	None	../../../../../../home/ubuntu/icfpc2018/out/shioshiota14/FR088.nbt.gz
FR089	hasi21	6116501435850	1	0	../../../../../../home/ubuntu/icfpc2018/out/hasi21/FR089.nbt.gz
FR090	shioshiota19	346157652302	1	346157652302	../../../../../../home/ubuntu/icfpc2018/out/shioshiota19/FR090.nbt.gz
FR091	shioshiota19	1406165077385	1	0	../../../../../../home/ubuntu/icfpc2018/out/shioshiota19/FR091.nbt.gz
FR092	shioshiota14	226194513931	1	None	../../../../../../home/ubuntu/icfpc2018/out/shioshiota14/FR092.nbt.gz
FR093	shioshiota19	1408169057246	1	0	../../../../../../home/ubuntu/icfpc2018/out/shioshiota19/FR093.nbt.gz
FR094	shioshiota19	331031183483	1	331031183483	../../../../../../home/ubuntu/icfpc2018/out/shioshiota19/FR094.nbt.gz
FR095	shioshiota19	2938624693005	1	0	../../../../../../home/ubuntu/icfpc2018/out/shioshiota19/FR095.nbt.gz
FR096	shioshiota19	1746681775044	1	0	../../../../../../home/ubuntu/icfpc2018/out/shioshiota19/FR096.nbt.gz
FR097	shioshiota19	5291089572615	1	0	../../../../../../home/ubuntu/icfpc2018/out/shioshiota19/FR097.nbt.gz
FR098	shioshiota19	2902843154284	1	0	../../../../../../home/ubuntu/icfpc2018/out/shioshiota19/FR098.nbt.gz
FR099	hasi21	1274782020369	1	0	../../../../../../home/ubuntu/icfpc2018/out/hasi21/FR099.nbt.gz
FR100	hasi21	6090422363451	1	0	../../../../../../home/ubuntu/icfpc2018/out/hasi21/FR100.nbt.gz
FR101	hasi21	8358906482068	1	0	../../../../../../home/ubuntu/icfpc2018/out/hasi21/FR101.nbt.gz
FR102	shioshiota19	1021508447009	1	1021508447009	../../../../../../home/ubuntu/icfpc2018/out/shioshiota19/FR102.nbt.gz
FR103	shioshiota19	14469254167833	1	0	../../../../../../home/ubuntu/icfpc2018/out/shioshiota19/FR103.nbt.gz
FR104	shioshiota19	4876267642107	1	0	../../../../../../home/ubuntu/icfpc2018/out/shioshiota19/FR104.nbt.gz
FR105	hasi21	13370286654032	1	0	../../../../../../home/ubuntu/icfpc2018/out/hasi21/FR105.nbt.gz
FR106	hasi21	17041129443036	1	0	../../../../../../home/ubuntu/icfpc2018/out/hasi21/FR106.nbt.gz
FR107	shioshiota19	23744372281465	1	0	../../../../../../home/ubuntu/icfpc2018/out/shioshiota19/FR107.nbt.gz
FR108	shioshiota19	23768007974275	1	0	../../../../../../home/ubuntu/icfpc2018/out/shioshiota19/FR108.nbt.gz
FR109	hasi21	17109862694787	1	0	../../../../../../home/ubuntu/icfpc2018/out/hasi21/FR109.nbt.gz
FR110	hasi21	13462655598593	1	0	../../../../../../home/ubuntu/icfpc2018/out/hasi21/FR110.nbt.gz
FR111	shioshiota19	71465443614901	1	0	../../../../../../home/ubuntu/icfpc2018/out/shioshiota19/FR111.nbt.gz
FR112	shioshiota19	94300937453228	1	0	../../../../../../home/ubuntu/icfpc2018/out/shioshiota19/FR112.nbt.gz
FR113	hasi21	25780370879924	1	0	../../../../../../home/ubuntu/icfpc2018/out/hasi21/FR113.nbt.gz
FR114	hasi21	0	None	0	../../../../../../home/ubuntu/icfpc2018/out/hasi21/FR114.nbt.gz
FR115	hasi21	0	None	0	../../../../../../home/ubuntu/icfpc2018/out/hasi21/FR115.nbt.gz
